  Bánovce nad Bebravou;Bánovce nad Bebravou
  Borèany;Bánovce nad Bebravou
  Brezolupy;Bánovce nad Bebravou
  Cimenná;Bánovce nad Bebravou
  Èierna Lehota;Bánovce nad Bebravou
  Deerice;Bánovce nad Bebravou
  Dolné Naštice;Bánovce nad Bebravou
  Dubnièka;Bánovce nad Bebravou
  Dvorec;Bánovce nad Bebravou
  Haláèovce;Bánovce nad Bebravou
  Horné Naštice;Bánovce nad Bebravou
  Chudá Lehota;Bánovce nad Bebravou
  Krásna Ves;Bánovce nad Bebravou
  Kšinná;Bánovce nad Bebravou
  Libichava;Bánovce nad Bebravou
  ¼utov;Bánovce nad Bebravou
  Malá Hradná;Bánovce nad Bebravou
  Malé Hoste;Bánovce nad Bebravou
  Miezgovce;Bánovce nad Bebravou
  Nedašovce;Bánovce nad Bebravou
  Omastiná;Bánovce nad Bebravou
  Otrhánky;Bánovce nad Bebravou
  Peèeòany;Bánovce nad Bebravou
  Podluany;Bánovce nad Bebravou
  Pochabany;Bánovce nad Bebravou
  Pravotice;Bánovce nad Bebravou
  Prusy;Bánovce nad Bebravou
  Ruskovce;Bánovce nad Bebravou
  Rybany;Bánovce nad Bebravou
  Slatina nad Bebravou;Bánovce nad Bebravou
  Slatinka nad Bebravou;Bánovce nad Bebravou
  Šípkov;Bánovce nad Bebravou
  Šišov;Bánovce nad Bebravou
  Timoradza;Bánovce nad Bebravou
  Trebichava;Bánovce nad Bebravou
  Uhrovec;Bánovce nad Bebravou
  Uhrovské Podhradie;Bánovce nad Bebravou
  Ve¾ké Drkovce;Bánovce nad Bebravou
  Ve¾ké Hoste;Bánovce nad Bebravou
  Ve¾ké Chlievany;Bánovce nad Bebravou
  Vysoèany;Bánovce nad Bebravou
  Zlatníky;Bánovce nad Bebravou
  itná-Radiša;Bánovce nad Bebravou
  Bohunice;Ilava
  Bolešov;Ilava
  Borèice;Ilava
  Èervenı Kameò;Ilava
  Dubnica nad Váhom;Ilava
  Dulov;Ilava
  Horná Poruba;Ilava
  Ilava;Ilava
  Kamenièany;Ilava
  Košeca;Ilava
  Košecké Podhradie;Ilava
  Krivoklát;Ilava
  Ladce;Ilava
  Mikušovce;Ilava
  Nová Dubnica;Ilava
  Pruské;Ilava
  Sedmerovec;Ilava
  Slavnica;Ilava
  Tuchyòa;Ilava
  Vršatské Podhradie;Ilava
  Zliechov;Ilava
  Brestovec;Myjava
  Brezová pod Bradlom;Myjava
  Bukovec;Myjava
  Hrašné;Myjava
  Chvojnica;Myjava
  Jablonka;Myjava
  Kostolné;Myjava
  Košariská;Myjava
  Krajné;Myjava
  Myjava;Myjava
  Podkylava;Myjava
  Polianka;Myjava
  Poriadie;Myjava
  Priepasné;Myjava
  Rudník;Myjava
  Stará Myjava;Myjava
  Vrbovce;Myjava
  Beckov;Nové Mesto nad Váhom
  Bošáca;Nové Mesto nad Váhom
  Brunovce;Nové Mesto nad Váhom
  Bzince pod Javorinou;Nové Mesto nad Váhom
  Èachtice;Nové Mesto nad Váhom
  Èastkovce;Nové Mesto nad Váhom
  Dolné Srnie;Nové Mesto nad Váhom
  Haluzice;Nové Mesto nad Váhom
  Horná Streda;Nové Mesto nad Váhom
  Hôrka nad Váhom;Nové Mesto nad Váhom
  Hrádok;Nové Mesto nad Váhom
  Hrachovište;Nové Mesto nad Váhom
  Kálnica;Nové Mesto nad Váhom
  Koèovce;Nové Mesto nad Váhom
  Lubina;Nové Mesto nad Váhom
  Lúka;Nové Mesto nad Váhom
  Modrová;Nové Mesto nad Váhom
  Modrovka;Nové Mesto nad Váhom
  Moravské Lieskové;Nové Mesto nad Váhom
  Nová Bošáca;Nové Mesto nad Váhom
  Nová Lehota;Nové Mesto nad Váhom
  Nová Ves nad Váhom;Nové Mesto nad Váhom
  Nové Mesto nad Váhom;Nové Mesto nad Váhom
  Oèkov;Nové Mesto nad Váhom
  Pobedim;Nové Mesto nad Váhom
  Podolie;Nové Mesto nad Váhom
  Potvorice;Nové Mesto nad Váhom
  Povaany;Nové Mesto nad Váhom
  Stará Lehota;Nové Mesto nad Váhom
  Stará Turá;Nové Mesto nad Váhom
  Trenèianske Bohuslavice;Nové Mesto nad Váhom
  Vaïovce;Nové Mesto nad Váhom
  Višòové;Nové Mesto nad Váhom
  Zemianske Podhradie;Nové Mesto nad Váhom
  Bošany;Partizánske
  Brodzany;Partizánske
  Hradište;Partizánske
  Chynorany;Partizánske
  Ješkova Ves;Partizánske
  Klátova Nová Ves;Partizánske
  Kolaèno;Partizánske
  Krásno;Partizánske
  Livina;Partizánske
  Livinské Opatovce;Partizánske
  Malé Kršteòany;Partizánske
  Malé Uherce;Partizánske
  Nadlice;Partizánske
  Nedanovce;Partizánske
  Ostratice;Partizánske
  Partizánske;Partizánske
  Pai;Partizánske
  Skaèany;Partizánske
  Turèianky;Partizánske
  Ve¾ké Kršteòany;Partizánske
  Ve¾ké Uherce;Partizánske
  Ve¾kı Klí;Partizánske
  abokreky nad Nitrou;Partizánske
  Bodiná;Povaská Bystrica
  Brvnište;Povaská Bystrica
  Èelkova Lehota;Povaská Bystrica
  Dolná Mariková;Povaská Bystrica
  Dolnı Lieskov;Povaská Bystrica
  Domania;Povaská Bystrica
  Ïurïové;Povaská Bystrica
  Hatné;Povaská Bystrica
  Horná Mariková;Povaská Bystrica
  Hornı Lieskov;Povaská Bystrica
  Jasenica;Povaská Bystrica
  Klieština;Povaská Bystrica
  Kostolec;Povaská Bystrica
  Malé Lednice;Povaská Bystrica
  Papradno;Povaská Bystrica
  Plevník-Drienové;Povaská Bystrica
  Poèarová;Povaská Bystrica
  Podskalie;Povaská Bystrica
  Povaská Bystrica;Povaská Bystrica
  Preèín;Povaská Bystrica
  Pruina;Povaská Bystrica
  Sádoèné;Povaská Bystrica
  Slopná;Povaská Bystrica
  Stupné;Povaská Bystrica
  Sverepec;Povaská Bystrica
  Udièa;Povaská Bystrica
  Vrchteplá;Povaská Bystrica
  Záskalie;Povaská Bystrica
  Bojnice;Prievidza
  Bystrièany;Prievidza
  Cige¾;Prievidza
  Èavoj;Prievidza
  Èereòany;Prievidza
  Diviacka Nová Ves;Prievidza
  Diviaky nad Nitricou;Prievidza
  Dlín;Prievidza
  Dolné Vestenice;Prievidza
  Handlová;Prievidza
  Horná Ves;Prievidza
  Horné Vestenice;Prievidza
  Chrenovec-Brusno;Prievidza
  Chvojnica;Prievidza
  Jalovec;Prievidza
  Kamenec pod Vtáènikom;Prievidza
  Kanianka;Prievidza
  K¾aèno;Prievidza
  Kocurany;Prievidza
  Kostolná Ves;Prievidza
  Koš;Prievidza
  Lazany;Prievidza
  Lehota pod Vtáènikom;Prievidza
  Liešany;Prievidza
  Lipník;Prievidza
  Malá Èausa;Prievidza
  Malinová;Prievidza
  Nedoery-Brezany;Prievidza
  Nevidzany;Prievidza
  Nitrianske Pravno;Prievidza
  Nitrianske Rudno;Prievidza
  Nitrianske Suèany;Prievidza
  Nitrica;Prievidza
  Nováky;Prievidza
  Opatovce nad Nitrou;Prievidza
  Oslany;Prievidza
  Podhradie;Prievidza
  Poluvsie;Prievidza
  Poruba;Prievidza
  Pravenec;Prievidza
  Prievidza;Prievidza
  Radobica;Prievidza
  Ráztoèno;Prievidza
  Rudnianska Lehota;Prievidza
  Sebedraie;Prievidza
  Seè;Prievidza
  Šútovce;Prievidza
  Temeš;Prievidza
  Tuina;Prievidza
  Valaská Belá;Prievidza
  Ve¾ká Èausa;Prievidza
  Zemianske Kosto¾any;Prievidza
  Beluša;Púchov
  Dohòany;Púchov
  Dolná Breznica;Púchov
  Dolné Koèkovce;Púchov
  Horná Breznica;Púchov
  Horovce;Púchov
  Kvašov;Púchov
  Lazy pod Makytou;Púchov
  Lednica;Púchov
  Lednické Rovne;Púchov
  Lúky;Púchov
  Lysá pod Makytou;Púchov
  Mesteèko;Púchov
  Mojtín;Púchov
  Nimnica;Púchov
  Púchov;Púchov
  Streenice;Púchov
  Visolaje;Púchov
  Vydrná;Púchov
  Zárieèie;Púchov
  Zubák;Púchov
  Adamovské Kochanovce;Trenèín
  Bobot;Trenèín
  Dolná Poruba;Trenèín
  Dolná Súèa;Trenèín
  Drietoma;Trenèín
  Dubodiel;Trenèín
  Horná Súèa;Trenèín
  Horòany;Trenèín
  Horné Srnie;Trenèín
  Hrabovka;Trenèín
  Chocholná-Velèice;Trenèín
  Ivanovce;Trenèín
  Kostolná-Zárieèie;Trenèín
  Krivosúd-Bodovka;Trenèín
  Melèice-Lieskové;Trenèín
  Mníchova Lehota;Trenèín
  Motešice;Trenèín
  Nemšová;Trenèín
  Neporadza;Trenèín
  Omšenie;Trenèín
  Opatovce;Trenèín
  Petrova Lehota;Trenèín
  Selec;Trenèín
  Skalka nad Váhom;Trenèín
  Soblahov;Trenèín
  Svinná;Trenèín
  Štvrtok;Trenèín
  Trenèianska Teplá;Trenèín
  Trenèianska Turná;Trenèín
  Trenèianske Jastrabie;Trenèín
  Trenèianske Mitice;Trenèín
  Trenèianske Stankovce;Trenèín
  Trenèianske Teplice;Trenèín
  Trenèín;Trenèín
  Ve¾ká Hradná;Trenèín
  Ve¾ké Bierovce;Trenèín
  Zamarovce;Trenèín
